match_id,date,time,home_team,away_team,arena,home_goals,away_goals,status,round,season
SHL_68276130d745973fbe09bf89,2025-10-16,17:00,Färjestad BK,Luleå Hockey,Löfbergs Arena,,,Scheduled,7,2024-2025
SHL_682705d8d745979957144e23,2025-10-16,17:00,Brynäs IF,Leksands IF,Monitor ERP Arena,,,Scheduled,7,2024-2025
SHL_68276130d745973fbe09bf8a,2025-10-16,17:00,Örebro Hockey,Linköping HC,Behrn Arena,,,Scheduled,7,2024-2025
SHL_682705d8d745979957144e24,2025-10-16,17:00,HV71,Djurgårdens IF,Husqvarna Garden,,,Scheduled,7,2024-2025
SHL_682705d8d745979957144e25,2025-10-16,17:00,Timrå IK,Skellefteå AIK,SCA Arena,,,Scheduled,7,2024-2025
SHL_682705d8d745973fdd6d6ff1,2025-10-16,17:00,Malmö Redhawks,Rögle BK,Malmö Arena,,,Scheduled,7,2024-2025
SHL_682705d8d745973fdd6d6ff2,2025-10-18,13:15,Djurgårdens IF,Brynäs IF,Hovet,,,Scheduled,7,2024-2025
SHL_68276130d745973fbe09bf8b,2025-10-18,13:15,Örebro Hockey,Luleå Hockey,Behrn Arena,,,Scheduled,7,2024-2025
SHL_682705d8d745973fbe09bca9,2025-10-18,13:15,Frölunda HC,Timrå IK,Scandinavium,,,Scheduled,7,2024-2025
SHL_682705d8d745973fbe09bcaa,2025-10-18,13:15,HV71,Rögle BK,Husqvarna Garden,,,Scheduled,7,2024-2025
SHL_682705d8d745979957144e26,2025-10-18,16:00,Leksands IF,Färjestad BK,Tegera Arena,,,Scheduled,7,2024-2025
SHL_68276130d745973fbe09bf8c,2025-10-18,16:00,Linköping HC,Växjö Lakers,Saab Arena,,,Scheduled,7,2024-2025
SHL_682705d8d745973fbe09bcab,2025-10-18,16:00,Skellefteå AIK,Malmö Redhawks,Skellefteå Kraft Arena,,,Scheduled,7,2024-2025
SHL_682705d8d745979957144e28,2025-10-23,17:00,Frölunda HC,HV71,Scandinavium,,,Scheduled,8,2024-2025
SHL_682705d8d745979957144e27,2025-10-23,17:00,Timrå IK,Leksands IF,SCA Arena,,,Scheduled,8,2024-2025
SHL_682705d8d745973fbe09bcac,2025-10-23,17:00,Växjö Lakers,Brynäs IF,Vida Arena,,,Scheduled,8,2024-2025
SHL_68276130d745973fbe09bf8d,2025-10-23,17:00,Luleå Hockey,Linköping HC,Coop Norrbotten Arena,,,Scheduled,8,2024-2025
SHL_682705d8d745973fbe09bcad,2025-10-23,17:00,Rögle BK,Malmö Redhawks,Catena Arena,,,Scheduled,8,2024-2025
SHL_682705d8d745979957144e29,2025-10-23,17:00,Djurgårdens IF,Örebro Hockey,Hovet,,,Scheduled,8,2024-2025
SHL_682705d8d745973fd97dcaee,2025-10-23,17:00,Färjestad BK,Skellefteå AIK,Löfbergs Arena,,,Scheduled,8,2024-2025
SHL_682705d8d745973fbe09bcaf,2025-10-25,16:00,HV71,Rögle BK,Husqvarna Garden,,,Scheduled,8,2024-2025
SHL_682705d8d745979957144e2a,2025-10-25,13:15,Brynäs IF,Färjestad BK,Monitor ERP Arena,,,Scheduled,8,2024-2025
SHL_682705d8d745973fd97dcaef,2025-10-25,13:15,Timrå IK,Örebro Hockey,SCA Arena,,,Scheduled,8,2024-2025
SHL_682705d8d745973fbe09bcae,2025-10-25,13:15,Malmö Redhawks,Växjö Lakers,Malmö Arena,,,Scheduled,8,2024-2025
SHL_68276130d745973fdd6d7afb,2025-10-25,13:15,Linköping HC,Skellefteå AIK,Saab Arena,,,Scheduled,8,2024-2025
SHL_68276130d745973fbe09bf8e,2025-10-25,16:00,Luleå Hockey,Frölunda HC,Coop Norrbotten Arena,,,Scheduled,8,2024-2025
SHL_682705d8d745973fd97dcaf0,2025-10-25,16:00,Leksands IF,Djurgårdens IF,Tegera Arena,,,Scheduled,8,2024-2025
SHL_682705d8d745973fbe09bcb0,2025-10-28,18:00,Färjestad BK,Timrå IK,Löfbergs Arena,,,Scheduled,9,2024-2025
SHL_682705d8d745973fd97dcaf1,2025-10-28,18:00,Örebro Hockey,Brynäs IF,Behrn Arena,,,Scheduled,9,2024-2025
SHL_682705d8d745973fd97dcaf2,2025-10-28,18:00,Rögle BK,Frölunda HC,Catena Arena,,,Scheduled,9,2024-2025
SHL_682705d8d745973fd97dcaf3,2025-10-28,18:00,Leksands IF,Malmö Redhawks,Tegera Arena,,,Scheduled,9,2024-2025
SHL_682705d8d745973fd97dcaf4,2025-10-28,18:00,Växjö Lakers,Djurgårdens IF,Vida Arena,,,Scheduled,9,2024-2025
SHL_68276130d745973fdd6d7afc,2025-10-28,18:00,Skellefteå AIK,Luleå Hockey,Skellefteå Kraft Arena,,,Scheduled,9,2024-2025
SHL_68276130d745973fdd6d7afd,2025-10-28,18:00,Linköping HC,HV71,Saab Arena,,,Scheduled,9,2024-2025
SHL_68276130d745973fdd6d7afe,2025-10-30,18:00,Örebro Hockey,Linköping HC,Behrn Arena,,,Scheduled,9,2024-2025
SHL_68276130d745973fdd6d7aff,2025-10-30,18:00,Rögle BK,Luleå Hockey,Catena Arena,,,Scheduled,9,2024-2025
SHL_682705d8d745973fd97dcaf5,2025-10-30,18:00,Färjestad BK,Leksands IF,Löfbergs Arena,,,Scheduled,9,2024-2025
SHL_682705d8d745973fd97dcaf6,2025-10-30,18:00,Skellefteå AIK,Brynäs IF,Skellefteå Kraft Arena,,,Scheduled,9,2024-2025
SHL_682705d8d745979957144e2b,2025-10-30,18:00,Frölunda HC,Växjö Lakers,Scandinavium,,,Scheduled,9,2024-2025
SHL_682705d8d745979957144e2c,2025-10-30,18:00,Djurgårdens IF,HV71,Hovet,,,Scheduled,9,2024-2025
SHL_682705d8d745973fd97dcaf7,2025-10-30,18:00,Malmö Redhawks,Timrå IK,Malmö Arena,,,Scheduled,9,2024-2025
SHL_682705d8d745973fd97dcaf8,2025-11-01,14:15,Djurgårdens IF,Brynäs IF,Avicii Arena,,,Scheduled,9,2024-2025
SHL_682705d8d745973fd97dcaf9,2025-11-01,14:15,Timrå IK,HV71,SCA Arena,,,Scheduled,9,2024-2025
SHL_682705d8d745973fd97dcafa,2025-11-01,14:15,Leksands IF,Rögle BK,Tegera Arena,,,Scheduled,9,2024-2025
SHL_68276130d745973fdd6d7b00,2025-11-01,17:00,Malmö Redhawks,Luleå Hockey,Malmö Arena,,,Scheduled,9,2024-2025
SHL_682705d8d745979957144e2d,2025-11-01,14:15,Frölunda HC,Färjestad BK,Scandinavium,,,Scheduled,9,2024-2025
SHL_68276130d745973fdd6d7b01,2025-11-01,17:00,Växjö Lakers,Linköping HC,Vida Arena,,,Scheduled,9,2024-2025
SHL_682705d8d745973fdd6d6ff3,2025-11-01,17:00,Örebro Hockey,Skellefteå AIK,Behrn Arena,,,Scheduled,9,2024-2025
SHL_682705d8d745979957144e2e,2025-11-13,18:00,Frölunda HC,Örebro Hockey,Scandinavium,,,Scheduled,11,2024-2025
SHL_68276130d745973fdd6d7b02,2025-11-13,18:00,Linköping HC,Leksands IF,Saab Arena,,,Scheduled,11,2024-2025
SHL_682705d8d745979957144e2f,2025-11-13,18:00,HV71,Växjö Lakers,Husqvarna Garden,,,Scheduled,11,2024-2025
SHL_682705d8d745973fd97dcafb,2025-11-13,18:00,Rögle BK,Färjestad BK,Catena Arena,,,Scheduled,11,2024-2025
SHL_682705d8d745973fd97dcafc,2025-11-13,18:00,Skellefteå AIK,Timrå IK,Skellefteå Kraft Arena,,,Scheduled,11,2024-2025
SHL_68276130d745973fdd6d7b03,2025-11-13,18:00,Luleå Hockey,Djurgårdens IF,Coop Norrbotten Arena,,,Scheduled,11,2024-2025
SHL_682705d8d745973fd97dcafd,2025-11-13,18:00,Brynäs IF,Malmö Redhawks,Monitor ERP Arena,,,Scheduled,11,2024-2025
SHL_682705d8d745973fd97dcafe,2025-11-15,14:15,Skellefteå AIK,Djurgårdens IF,Skellefteå Kraft Arena,,,Scheduled,11,2024-2025
SHL_682705d8d745973fdd6d6ff4,2025-11-15,14:15,Örebro Hockey,Malmö Redhawks,Behrn Arena,,,Scheduled,11,2024-2025
SHL_682705d8d745973fbe09bcb1,2025-11-15,14:15,HV71,Leksands IF,Husqvarna Garden,,,Scheduled,11,2024-2025
SHL_68276130d745973fdd6d7b04,2025-11-15,14:15,Luleå Hockey,Brynäs IF,Coop Norrbotten Arena,,,Scheduled,11,2024-2025
SHL_68276130d745973fdd6d7b05,2025-11-15,17:00,Färjestad BK,Linköping HC,Löfbergs Arena,,,Scheduled,11,2024-2025
SHL_682705d8d745973fdd6d6ff5,2025-11-15,17:00,Timrå IK,Frölunda HC,SCA Arena,,,Scheduled,11,2024-2025
SHL_682705d8d745973fd97dcaff,2025-11-15,17:00,Växjö Lakers,Rögle BK,Vida Arena,,,Scheduled,11,2024-2025
SHL_682705d8d745973fd97dcb00,2025-11-20,18:00,Brynäs IF,Timrå IK,Monitor ERP Arena,,,Scheduled,12,2024-2025
SHL_682705d8d745973fd97dcb01,2025-11-20,18:00,Frölunda HC,Malmö Redhawks,Scandinavium,,,Scheduled,12,2024-2025
SHL_68276130d745973fdd6d7b06,2025-11-20,18:00,Djurgårdens IF,Linköping HC,Hovet,,,Scheduled,12,2024-2025
SHL_682705d8d745973fdd6d6ff6,2025-11-20,18:00,Rögle BK,Skellefteå AIK,Catena Arena,,,Scheduled,12,2024-2025
SHL_682705d8d745973fd97dcb02,2025-11-20,18:00,Leksands IF,Växjö Lakers,Tegera Arena,,,Scheduled,12,2024-2025
SHL_682705d8d745973fd97dcb03,2025-11-20,18:00,Färjestad BK,HV71,Löfbergs Arena,,,Scheduled,12,2024-2025
SHL_68276130d745973fdd6d7b07,2025-11-20,18:00,Örebro Hockey,Luleå Hockey,Behrn Arena,,,Scheduled,12,2024-2025
SHL_68276130d745973fdd6d7b08,2025-11-22,14:15,Timrå IK,Linköping HC,SCA Arena,,,Scheduled,12,2024-2025
SHL_682705d8d745973fd97dcb04,2025-11-22,14:15,Leksands IF,Frölunda HC,Tegera Arena,,,Scheduled,12,2024-2025
SHL_682705d8d745973fdd6d6ff7,2025-11-22,14:15,Örebro Hockey,Växjö Lakers,Behrn Arena,,,Scheduled,12,2024-2025
SHL_68276130d745973fdd6d7b09,2025-11-22,14:15,HV71,Luleå Hockey,Husqvarna Garden,,,Scheduled,12,2024-2025
SHL_682705d8d745973fdd6d6ff8,2025-11-22,17:00,Malmö Redhawks,Skellefteå AIK,Malmö Arena,,,Scheduled,12,2024-2025
SHL_682705d8d745973fd97dcb05,2025-11-22,17:00,Färjestad BK,Djurgårdens IF,Löfbergs Arena,,,Scheduled,12,2024-2025
SHL_682705d8d745973fd97dcb06,2025-11-22,17:00,Brynäs IF,Rögle BK,Monitor ERP Arena,,,Scheduled,12,2024-2025
SHL_682705d8d745973fd97dcb07,2025-11-25,18:00,Malmö Redhawks,Växjö Lakers,Malmö Arena,,,Scheduled,13,2024-2025
SHL_682705d8d745973fd97dcb08,2025-11-25,18:00,Djurgårdens IF,Färjestad BK,Hovet,,,Scheduled,13,2024-2025
SHL_68276130d745973fdd6d7b0a,2025-11-27,18:00,Linköping HC,Brynäs IF,Saab Arena,,,Scheduled,13,2024-2025
SHL_682705d8d745973fbe09bcb2,2025-11-27,18:00,Skellefteå AIK,Frölunda HC,Skellefteå Kraft Arena,,,Scheduled,13,2024-2025
SHL_682705d8d745973fbe09bcb3,2025-11-27,18:00,Växjö Lakers,Timrå IK,Vida Arena,,,Scheduled,13,2024-2025
SHL_682705d8d745973fbe09bcb4,2025-11-27,18:00,Rögle BK,Djurgårdens IF,Catena Arena,,,Scheduled,13,2024-2025
SHL_682705d8d745973fbe09bcb5,2025-11-27,18:00,HV71,Örebro Hockey,Husqvarna Garden,,,Scheduled,13,2024-2025
SHL_682705d8d745973fbe09bcb6,2025-11-27,18:00,Färjestad BK,Malmö Redhawks,Löfbergs Arena,,,Scheduled,13,2024-2025
SHL_68276130d745973fdd6d7b0b,2025-11-27,18:00,Luleå Hockey,Leksands IF,Coop Norrbotten Arena,,,Scheduled,13,2024-2025
SHL_682705d8d745973fbe09bcb9,2025-11-29,14:15,Brynäs IF,HV71,Monitor ERP Arena,,,Scheduled,13,2024-2025
SHL_682705d8d745973fbe09bcb7,2025-11-29,14:15,Malmö Redhawks,Djurgårdens IF,Malmö Arena,,,Scheduled,13,2024-2025
SHL_682705d8d745973fbe09bcb8,2025-11-29,14:15,Skellefteå AIK,Leksands IF,Skellefteå Kraft Arena,,,Scheduled,13,2024-2025
SHL_68276130d745973fdd6d7b0c,2025-11-29,14:15,Linköping HC,Frölunda HC,Saab Arena,,,Scheduled,13,2024-2025
SHL_682705d8d745973fbe09bcba,2025-11-29,17:00,Växjö Lakers,Färjestad BK,Vida Arena,,,Scheduled,13,2024-2025
SHL_682705d8d745973fbe09bcbb,2025-11-29,17:00,Örebro Hockey,Rögle BK,Behrn Arena,,,Scheduled,13,2024-2025
SHL_68276130d745973fdd6d7b0d,2025-11-29,17:00,Timrå IK,Luleå Hockey,SCA Arena,,,Scheduled,13,2024-2025
SHL_682705d8d745973fbe09bcbc,2025-12-04,18:00,Rögle BK,Timrå IK,Catena Arena,,,Scheduled,14,2024-2025
SHL_682705d8d745973fd97dcb09,2025-12-04,18:00,Örebro Hockey,Färjestad BK,Behrn Arena,,,Scheduled,14,2024-2025
SHL_682705d8d745973fbe09bcbd,2025-12-04,18:00,Frölunda HC,Djurgårdens IF,Scandinavium,,,Scheduled,14,2024-2025
SHL_682705d8d745973fd97dcb0a,2025-12-04,18:00,HV71,Skellefteå AIK,Husqvarna Garden,,,Scheduled,14,2024-2025
SHL_68276130d745973fdd6d7b0e,2025-12-04,18:00,Luleå Hockey,Växjö Lakers,Coop Norrbotten Arena,,,Scheduled,14,2024-2025
SHL_68276130d745973fdd6d7b0f,2025-12-04,18:00,Malmö Redhawks,Linköping HC,Malmö Arena,,,Scheduled,14,2024-2025
SHL_682705d8d745973fd97dcb0b,2025-12-04,18:00,Leksands IF,Brynäs IF,Tegera Arena,,,Scheduled,14,2024-2025
SHL_682705d8d745973fd97dcb0f,2025-12-06,17:00,Djurgårdens IF,Timrå IK,Hovet,,,Scheduled,14,2024-2025
SHL_682705d8d745973fd97dcb0c,2025-12-06,14:15,Frölunda HC,Brynäs IF,Scandinavium,,,Scheduled,14,2024-2025
SHL_682705d8d745973fd97dcb0d,2025-12-06,14:15,Skellefteå AIK,Växjö Lakers,Skellefteå Kraft Arena,,,Scheduled,14,2024-2025
SHL_68276130d745973fdd6d7b10,2025-12-06,17:00,Rögle BK,Linköping HC,Catena Arena,,,Scheduled,14,2024-2025
SHL_682705d8d745973fd97dcb0e,2025-12-06,14:15,HV71,Malmö Redhawks,Husqvarna Garden,,,Scheduled,14,2024-2025
SHL_682705d8d745973fbe09bcbe,2025-12-06,17:00,Örebro Hockey,Leksands IF,Behrn Arena,,,Scheduled,14,2024-2025
SHL_68276130d745973fdd6d7b11,2025-12-06,17:00,Luleå Hockey,Färjestad BK,Coop Norrbotten Arena,,,Scheduled,14,2024-2025
SHL_682705d8d745973fd97dcb11,2025-12-18,18:00,Rögle BK,Brynäs IF,Catena Arena,,,Scheduled,16,2024-2025
SHL_682705d8d745973fd97dcb10,2025-12-18,18:00,Frölunda HC,HV71,Scandinavium,,,Scheduled,16,2024-2025
SHL_682705d8d745973fbe09bcbf,2025-12-18,18:00,Leksands IF,Malmö Redhawks,Tegera Arena,,,Scheduled,16,2024-2025
SHL_68276130d745973fdd6d7b12,2025-12-18,18:00,Växjö Lakers,Luleå Hockey,Vida Arena,,,Scheduled,16,2024-2025
SHL_68276130d745973fdd6d7b13,2025-12-18,18:00,Linköping HC,Djurgårdens IF,Saab Arena,,,Scheduled,16,2024-2025
SHL_682705d8d745973fbe09bcc0,2025-12-18,18:00,Färjestad BK,Örebro Hockey,Löfbergs Arena,,,Scheduled,16,2024-2025
SHL_682705d8d745973fbe09bcc1,2025-12-18,18:00,Timrå IK,Skellefteå AIK,SCA Arena,,,Scheduled,16,2024-2025
SHL_682705d8d745973fd97dcb12,2025-12-20,14:15,Färjestad BK,Rögle BK,Löfbergs Arena,,,Scheduled,16,2024-2025
SHL_68276130d745973fdd6d7b14,2025-12-20,14:15,Malmö Redhawks,Luleå Hockey,Malmö Arena,,,Scheduled,16,2024-2025
SHL_682705d8d745973fbe09bcc2,2025-12-20,14:15,Brynäs IF,Frölunda HC,Monitor ERP Arena,,,Scheduled,16,2024-2025
SHL_682705d8d745973fbe09bcc3,2025-12-20,17:00,Växjö Lakers,Timrå IK,Vida Arena,,,Scheduled,16,2024-2025
SHL_682705d8d745973fd97dcb13,2025-12-20,17:00,HV71,Djurgårdens IF,Husqvarna Garden,,,Scheduled,16,2024-2025
SHL_682705d8d745973fd97dcb14,2025-12-20,17:00,Örebro Hockey,Leksands IF,Behrn Arena,,,Scheduled,16,2024-2025
SHL_68276130d745973fdd6d7b15,2025-12-20,17:00,Skellefteå AIK,Linköping HC,Skellefteå Kraft Arena,,,Scheduled,16,2024-2025
SHL_682705d8d745973fd97dcb15,2025-12-26,14:15,Växjö Lakers,Malmö Redhawks,Vida Arena,,,Scheduled,17,2024-2025
SHL_68276130d745973fdd6d7b16,2025-12-26,14:15,Färjestad BK,Linköping HC,Löfbergs Arena,,,Scheduled,17,2024-2025
SHL_682705d8d745973fd97dcb16,2025-12-26,14:15,Örebro Hockey,HV71,Behrn Arena,,,Scheduled,17,2024-2025
SHL_682705d8d745973fbe09bcc4,2025-12-26,17:00,Timrå IK,Brynäs IF,SCA Arena,,,Scheduled,17,2024-2025
SHL_68276130d745979950408cd5,2025-12-26,17:00,Luleå Hockey,Skellefteå AIK,Coop Norrbotten Arena,,,Scheduled,17,2024-2025
SHL_682705d8d745973fbe09bcc5,2025-12-26,17:00,Djurgårdens IF,Leksands IF,Avicii Arena,,,Scheduled,17,2024-2025
SHL_682705d8d745973fbe09bcc6,2025-12-26,17:00,Rögle BK,Frölunda HC,Catena Arena,,,Scheduled,17,2024-2025
SHL_682705d8d745973fd97dcb18,2025-12-28,14:15,Rögle BK,HV71,Catena Arena,,,Scheduled,17,2024-2025
SHL_682705d8d745973fd97dcb19,2025-12-28,14:15,Malmö Redhawks,Frölunda HC,Malmö Arena,,,Scheduled,17,2024-2025
SHL_682705d8d745979957144e30,2025-12-28,14:15,Leksands IF,Färjestad BK,Tegera Arena,,,Scheduled,17,2024-2025
SHL_682705d8d745979957144e31,2025-12-28,17:00,Skellefteå AIK,Djurgårdens IF,Skellefteå Kraft Arena,,,Scheduled,17,2024-2025
SHL_682705d8d745973fd97dcb17,2025-12-28,17:00,Brynäs IF,Örebro Hockey,Monitor ERP Arena,,,Scheduled,17,2024-2025
SHL_68276130d745979950408cd6,2025-12-28,17:00,Linköping HC,Växjö Lakers,Saab Arena,,,Scheduled,17,2024-2025
SHL_68276130d745979950408cd7,2025-12-28,17:00,Luleå Hockey,Timrå IK,Coop Norrbotten Arena,,,Scheduled,17,2024-2025
SHL_682705d9d745973fbe09bcc7,2025-12-30,18:00,Frölunda HC,Färjestad BK,Scandinavium,,,Scheduled,18,2024-2025
SHL_682705d8d745973fd97dcb1a,2025-12-30,18:00,Timrå IK,Leksands IF,SCA Arena,,,Scheduled,18,2024-2025
SHL_682705d9d745979957144e32,2025-12-30,18:00,Växjö Lakers,Rögle BK,Vida Arena,,,Scheduled,18,2024-2025
SHL_682705d9d745973fbe09bcc8,2025-12-30,18:00,Skellefteå AIK,Brynäs IF,Skellefteå Kraft Arena,,,Scheduled,18,2024-2025
SHL_68276131d745979950408cd8,2025-12-30,18:00,Djurgårdens IF,Luleå Hockey,Avicii Arena,,,Scheduled,18,2024-2025
SHL_68276131d745979950408cd9,2025-12-30,18:00,Linköping HC,Örebro Hockey,Saab Arena,,,Scheduled,18,2024-2025
SHL_682705d9d745973fbe09bcc9,2025-12-30,18:00,HV71,Malmö Redhawks,Husqvarna Garden,,,Scheduled,18,2024-2025
SHL_682705d9d745973fbe09bcca,2026-01-03,14:15,Färjestad BK,Skellefteå AIK,Löfbergs Arena,,,Scheduled,18,2024-2025
SHL_682705d9d745973fd97dcb1c,2026-01-03,14:15,Leksands IF,HV71,Tegera Arena,,,Scheduled,18,2024-2025
SHL_682705d9d745973fd97dcb1b,2026-01-03,14:15,Örebro Hockey,Rögle BK,Behrn Arena,,,Scheduled,18,2024-2025
SHL_682705d9d745973fd97dcb1d,2026-01-03,14:15,Växjö Lakers,Frölunda HC,Vida Arena,,,Scheduled,18,2024-2025
SHL_68276131d745973fdd6d7b17,2026-01-03,17:00,Malmö Redhawks,Linköping HC,Malmö Arena,,,Scheduled,18,2024-2025
SHL_68276131d745979950408cda,2026-01-03,17:00,Brynäs IF,Luleå Hockey,Monitor ERP Arena,,,Scheduled,18,2024-2025
SHL_682705d9d745973fbe09bccb,2026-01-03,17:00,Timrå IK,Djurgårdens IF,SCA Arena,,,Scheduled,18,2024-2025
SHL_68276131d745973fdd6d7b18,2026-01-06,14:15,Linköping HC,Frölunda HC,Saab Arena,,,Scheduled,19,2024-2025
SHL_682705d9d745979957144e33,2026-01-06,14:15,Malmö Redhawks,Färjestad BK,Malmö Arena,,,Scheduled,19,2024-2025
SHL_682705d9d745973fd97dcb1e,2026-01-06,14:15,Timrå IK,Örebro Hockey,SCA Arena,,,Scheduled,19,2024-2025
SHL_682705d9d745973fd97dcb1f,2026-01-06,17:00,Brynäs IF,Växjö Lakers,Monitor ERP Arena,,,Scheduled,19,2024-2025
SHL_682705d9d745973fbe09bccc,2026-01-06,17:00,Djurgårdens IF,Rögle BK,Hovet,,,Scheduled,19,2024-2025
SHL_682705d9d745973fd97dcb20,2026-01-06,17:00,Leksands IF,Skellefteå AIK,Tegera Arena,,,Scheduled,19,2024-2025
SHL_68276131d745979950408cdb,2026-01-06,17:00,Luleå Hockey,HV71,Coop Norrbotten Arena,,,Scheduled,19,2024-2025
SHL_68276131d745973fdd6d7b19,2026-01-08,18:00,Frölunda HC,Luleå Hockey,Scandinavium,,,Scheduled,19,2024-2025
SHL_682705d9d745973fbe09bccd,2026-01-08,18:00,Djurgårdens IF,Örebro Hockey,Hovet,,,Scheduled,19,2024-2025
SHL_682705d9d745973fbe09bcce,2026-01-08,18:00,Timrå IK,Rögle BK,SCA Arena,,,Scheduled,19,2024-2025
SHL_682705d9d745973fbe09bccf,2026-01-08,18:00,Skellefteå AIK,HV71,Skellefteå Kraft Arena,,,Scheduled,19,2024-2025
SHL_682705d9d745973fbe09bcd0,2026-01-08,18:00,Malmö Redhawks,Brynäs IF,Malmö Arena,,,Scheduled,19,2024-2025
SHL_682705d9d745973fbe09bcd1,2026-01-08,18:00,Växjö Lakers,Färjestad BK,Vida Arena,,,Scheduled,19,2024-2025
SHL_68276131d745979950408cdc,2026-01-08,18:00,Leksands IF,Linköping HC,Tegera Arena,,,Scheduled,19,2024-2025
SHL_682705d9d745973fd97dcb21,2026-01-10,14:15,Skellefteå AIK,Växjö Lakers,Skellefteå Kraft Arena,,,Scheduled,19,2024-2025
SHL_682705d9d745973fd97dcb23,2026-01-10,14:15,Färjestad BK,Djurgårdens IF,Löfbergs Arena,,,Scheduled,19,2024-2025
SHL_68276131d745973fdd6d7b1a,2026-01-10,14:15,Brynäs IF,Linköping HC,Monitor ERP Arena,,,Scheduled,19,2024-2025
SHL_68276131d745973fdd6d7b1b,2026-01-10,17:00,Rögle BK,Luleå Hockey,Catena Arena,,,Scheduled,19,2024-2025
SHL_682705d9d745979957144e34,2026-01-10,17:00,HV71,Timrå IK,Husqvarna Garden,,,Scheduled,19,2024-2025
SHL_682705d9d745979957144e35,2026-01-10,17:00,Örebro Hockey,Malmö Redhawks,Behrn Arena,,,Scheduled,19,2024-2025
SHL_682705d9d745973fd97dcb22,2026-01-10,14:15,Frölunda HC,Leksands IF,Scandinavium,,,Scheduled,19,2024-2025
SHL_682705d9d745979957144e36,2026-01-15,18:00,Leksands IF,Brynäs IF,Tegera Arena,,,Scheduled,20,2024-2025
SHL_68276131d745973fdd6d7b1c,2026-01-15,18:00,Linköping HC,Rögle BK,Saab Arena,,,Scheduled,20,2024-2025
SHL_682705d9d745979957144e37,2026-01-15,18:00,HV71,Färjestad BK,Husqvarna Garden,,,Scheduled,20,2024-2025
SHL_68276131d745973fdd6d7b1d,2026-01-15,18:00,Luleå Hockey,Örebro Hockey,Coop Norrbotten Arena,,,Scheduled,20,2024-2025
SHL_682705d9d745979957144e39,2026-01-15,18:00,Djurgårdens IF,Växjö Lakers,Hovet,,,Scheduled,20,2024-2025
SHL_682705d9d745979957144e38,2026-01-15,18:00,Skellefteå AIK,Malmö Redhawks,Skellefteå Kraft Arena,,,Scheduled,20,2024-2025
SHL_682705d9d745973fdd6d6ff9,2026-01-15,18:00,Timrå IK,Frölunda HC,SCA Arena,,,Scheduled,20,2024-2025
SHL_682705d9d745979957144e3c,2026-01-17,17:00,Rögle BK,Malmö Redhawks,Catena Arena,,,Scheduled,20,2024-2025
SHL_68276131d745973fdd6d7b1e,2026-01-17,14:15,Luleå Hockey,Leksands IF,Coop Norrbotten Arena,,,Scheduled,20,2024-2025
SHL_682705d9d745979957144e3a,2026-01-17,14:15,Skellefteå AIK,Örebro Hockey,Skellefteå Kraft Arena,,,Scheduled,20,2024-2025
SHL_682705d9d745979957144e3b,2026-01-17,14:15,Djurgårdens IF,Frölunda HC,Hovet,,,Scheduled,20,2024-2025
SHL_682705d9d745979957144e3d,2026-01-17,17:00,Färjestad BK,Brynäs IF,Löfbergs Arena,,,Scheduled,20,2024-2025
SHL_682705d9d745973fd97dcb24,2026-01-17,17:00,Växjö Lakers,HV71,Vida Arena,,,Scheduled,20,2024-2025
SHL_68276131d745973fdd6d7b1f,2026-01-17,17:00,Linköping HC,Timrå IK,Saab Arena,,,Scheduled,20,2024-2025
SHL_68276131d745973fdd6d7b20,2026-01-22,18:00,Färjestad BK,Luleå Hockey,Löfbergs Arena,,,Scheduled,21,2024-2025
SHL_682705d9d745973fbe09bcd3,2026-01-22,18:00,Örebro Hockey,Växjö Lakers,Behrn Arena,,,Scheduled,21,2024-2025
SHL_682705d9d745973fbe09bcd2,2026-01-22,18:00,Brynäs IF,Djurgårdens IF,Monitor ERP Arena,,,Scheduled,21,2024-2025
SHL_682705d9d745973fd97dcb25,2026-01-22,18:00,Frölunda HC,Skellefteå AIK,Scandinavium,,,Scheduled,21,2024-2025
SHL_68276131d745973fdd6d7b21,2026-01-22,18:00,HV71,Linköping HC,Husqvarna Garden,,,Scheduled,21,2024-2025
SHL_682705d9d745973fd97dcb26,2026-01-22,18:00,Leksands IF,Rögle BK,Tegera Arena,,,Scheduled,21,2024-2025
SHL_682705d9d745973fd97dcb27,2026-01-24,14:15,Leksands IF,Växjö Lakers,Tegera Arena,,,Scheduled,21,2024-2025
SHL_682705d9d745973fd97dcb28,2026-01-24,14:15,Frölunda HC,Örebro Hockey,Scandinavium,,,Scheduled,21,2024-2025
SHL_682705d9d745973fdd6d6ffa,2026-01-24,14:15,Timrå IK,Färjestad BK,SCA Arena,,,Scheduled,21,2024-2025
SHL_682705d9d745973fbe09bcd5,2026-01-24,14:15,Rögle BK,Skellefteå AIK,Catena Arena,,,Scheduled,21,2024-2025
SHL_682705d9d745973fbe09bcd6,2026-01-24,17:00,HV71,Brynäs IF,Husqvarna Garden,,,Scheduled,21,2024-2025
SHL_682705d9d745973fdd6d6ffb,2026-01-24,17:00,Djurgårdens IF,Malmö Redhawks,Hovet,,,Scheduled,21,2024-2025
SHL_68276131d745973fdd6d7b22,2026-01-24,17:00,Linköping HC,Luleå Hockey,Saab Arena,,,Scheduled,21,2024-2025
SHL_682705d9d745973fbe09bcd4,2026-01-27,18:00,Timrå IK,Malmö Redhawks,SCA Arena,,,Scheduled,22,2024-2025
SHL_682705d9d745973fdd6d6ffc,2026-01-29,18:00,Färjestad BK,Frölunda HC,Löfbergs Arena,,,Scheduled,22,2024-2025
SHL_682705d9d745973fdd6d6ffd,2026-01-29,18:00,Rögle BK,Djurgårdens IF,Catena Arena,,,Scheduled,22,2024-2025
SHL_682705d9d745979957144e40,2026-01-29,18:00,Örebro Hockey,HV71,Behrn Arena,,,Scheduled,22,2024-2025
SHL_682705d9d745973fdd6d6ffe,2026-01-29,18:00,Växjö Lakers,Brynäs IF,Vida Arena,,,Scheduled,22,2024-2025
SHL_68276131d745973fdd6d7b23,2026-01-29,18:00,Luleå Hockey,Malmö Redhawks,Coop Norrbotten Arena,,,Scheduled,22,2024-2025
SHL_682705d9d745979957144e3f,2026-01-29,18:00,Skellefteå AIK,Timrå IK,Skellefteå Kraft Arena,,,Scheduled,22,2024-2025
SHL_68276131d745973fdd6d7b24,2026-01-31,14:15,Frölunda HC,Linköping HC,Scandinavium,,,Scheduled,22,2024-2025
SHL_682705d9d745973fbe09bcd7,2026-01-31,14:15,Rögle BK,Timrå IK,Catena Arena,,,Scheduled,22,2024-2025
SHL_682705d9d745979957144e41,2026-01-31,14:15,Brynäs IF,Skellefteå AIK,Monitor ERP Arena,,,Scheduled,22,2024-2025
SHL_68276131d745973fdd6d7b25,2026-01-31,14:15,HV71,Luleå Hockey,Husqvarna Garden,,,Scheduled,22,2024-2025
SHL_682705d9d745973fdd6d6fff,2026-01-31,17:00,Örebro Hockey,Färjestad BK,Behrn Arena,,,Scheduled,22,2024-2025
SHL_682705d9d745979957144e42,2026-01-31,17:00,Växjö Lakers,Leksands IF,Vida Arena,,,Scheduled,22,2024-2025
SHL_682705d9d745973fdd6d7000,2026-01-31,17:00,Malmö Redhawks,Djurgårdens IF,Malmö Arena,,,Scheduled,22,2024-2025
SHL_68276131d745973fdd6d7b26,2026-02-05,18:00,Timrå IK,Linköping HC,SCA Arena,,,Scheduled,23,2024-2025
SHL_682705d9d745973fdd6d7001,2026-02-05,18:00,Djurgårdens IF,Färjestad BK,Hovet,,,Scheduled,23,2024-2025
SHL_68276131d745973fdd6d7b27,2026-02-05,18:00,Luleå Hockey,Örebro Hockey,Coop Norrbotten Arena,,,Scheduled,23,2024-2025
SHL_682705d9d745973fdd6d7002,2026-02-05,18:00,Växjö Lakers,Frölunda HC,Vida Arena,,,Scheduled,23,2024-2025
SHL_682705d9d745973fdd6d7003,2026-02-05,18:00,Malmö Redhawks,Rögle BK,Malmö Arena,,,Scheduled,23,2024-2025
SHL_682705d9d745973fdd6d7004,2026-02-05,18:00,Brynäs IF,Leksands IF,Monitor ERP Arena,,,Scheduled,23,2024-2025
SHL_682705d9d745979957144e43,2026-02-05,18:00,HV71,Skellefteå AIK,Husqvarna Garden,,,Scheduled,23,2024-2025
SHL_682705d9d745979957144e44,2026-02-07,14:15,Leksands IF,Timrå IK,Tegera Arena,,,Scheduled,23,2024-2025
SHL_682705d9d745979957144e45,2026-02-07,14:15,Malmö Redhawks,HV71,Malmö Arena,,,Scheduled,23,2024-2025
SHL_68276131d745973fdd6d7b28,2026-02-07,14:15,Djurgårdens IF,Linköping HC,Hovet,,,Scheduled,23,2024-2025
SHL_68276131d745973fdd6d7b29,2026-02-07,14:15,Luleå Hockey,Frölunda HC,Coop Norrbotten Arena,,,Scheduled,23,2024-2025
SHL_682705d9d745979957144e46,2026-02-07,17:00,Skellefteå AIK,Örebro Hockey,Skellefteå Kraft Arena,,,Scheduled,23,2024-2025
SHL_682705d9d745979957144e47,2026-02-07,17:00,Rögle BK,Växjö Lakers,Catena Arena,,,Scheduled,23,2024-2025
SHL_682705d9d745973fdd6d7005,2026-02-07,17:00,Brynäs IF,Färjestad BK,Monitor ERP Arena,,,Scheduled,23,2024-2025
SHL_682705d9d745979957144e48,2026-02-10,18:00,Frölunda HC,Växjö Lakers,Scandinavium,,,Scheduled,24,2024-2025
SHL_682705d9d745973fbe09bcd9,2026-02-19,18:00,Örebro Hockey,Frölunda HC,Behrn Arena,,,Scheduled,25,2024-2025
SHL_68276131d745973fdd6d7b2a,2026-02-19,18:00,Växjö Lakers,Luleå Hockey,Vida Arena,,,Scheduled,25,2024-2025
SHL_682705d9d745973fbe09bcd8,2026-02-19,18:00,Brynäs IF,Djurgårdens IF,Monitor ERP Arena,,,Scheduled,25,2024-2025
SHL_68276131d745973fdd6d7b2b,2026-02-19,18:00,Linköping HC,Färjestad BK,Saab Arena,,,Scheduled,25,2024-2025
SHL_682705d9d745973fbe09bcda,2026-02-19,18:00,Skellefteå AIK,Leksands IF,Skellefteå Kraft Arena,,,Scheduled,25,2024-2025
SHL_682705d9d745973fbe09bcdb,2026-02-19,18:00,Rögle BK,HV71,Catena Arena,,,Scheduled,25,2024-2025
SHL_682705d9d745973fdd6d7006,2026-02-19,18:00,Timrå IK,Malmö Redhawks,SCA Arena,,,Scheduled,25,2024-2025
SHL_682705d9d745973fd97dcb29,2026-02-21,14:15,HV71,Frölunda HC,Husqvarna Garden,,,Scheduled,25,2024-2025
SHL_682705d9d745973fd97dcb2a,2026-02-21,14:15,Växjö Lakers,Malmö Redhawks,Vida Arena,,,Scheduled,25,2024-2025
SHL_68276131d745973fdd6d7b2c,2026-02-21,14:15,Linköping HC,Rögle BK,Saab Arena,,,Scheduled,25,2024-2025
SHL_68276131d745973fdd6d7b2d,2026-02-21,14:15,Luleå Hockey,Brynäs IF,Coop Norrbotten Arena,,,Scheduled,25,2024-2025
SHL_682705d9d745973fbe09bcdc,2026-02-21,17:00,Skellefteå AIK,Färjestad BK,Skellefteå Kraft Arena,,,Scheduled,25,2024-2025
SHL_682705d9d745979957144e3e,2026-02-21,17:00,Timrå IK,Djurgårdens IF,SCA Arena,,,Scheduled,25,2024-2025
SHL_682705d9d745973fbe09bcdd,2026-02-21,17:00,Leksands IF,Örebro Hockey,Tegera Arena,,,Scheduled,25,2024-2025
SHL_68276131d745973fdd6d7b2e,2026-02-24,18:00,Linköping HC,Leksands IF,Saab Arena,,,Scheduled,26,2024-2025
SHL_682705d9d745973fd97dcb2b,2026-02-26,18:00,Djurgårdens IF,HV71,Hovet,,,Scheduled,26,2024-2025
SHL_682705d9d745973fbe09bcde,2026-02-26,18:00,Frölunda HC,Skellefteå AIK,Scandinavium,,,Scheduled,26,2024-2025
SHL_68276131d745973fdd6d7b2f,2026-02-26,18:00,Växjö Lakers,Linköping HC,Vida Arena,,,Scheduled,26,2024-2025
SHL_682705d9d745973fbe09bcdf,2026-02-26,18:00,Färjestad BK,Leksands IF,Löfbergs Arena,,,Scheduled,26,2024-2025
SHL_682705d9d745973fdd6d7007,2026-02-26,18:00,Brynäs IF,Rögle BK,Monitor ERP Arena,,,Scheduled,26,2024-2025
SHL_682705d9d745973fbe09bce0,2026-02-26,18:00,Malmö Redhawks,Örebro Hockey,Malmö Arena,,,Scheduled,26,2024-2025
SHL_68276131d745973fdd6d7b30,2026-02-26,18:00,Luleå Hockey,Timrå IK,Coop Norrbotten Arena,,,Scheduled,26,2024-2025
SHL_68276131d745973fdd6d7b31,2026-02-28,14:15,Linköping HC,Malmö Redhawks,Saab Arena,,,Scheduled,26,2024-2025
SHL_682705d9d745973fbe09bce1,2026-02-28,14:15,Djurgårdens IF,Leksands IF,Avicii Arena,,,Scheduled,26,2024-2025
SHL_682705d9d745973fd97dcb2c,2026-02-28,14:15,Brynäs IF,Frölunda HC,Monitor ERP Arena,,,Scheduled,26,2024-2025
SHL_682705d9d745973fbe09bce2,2026-02-28,14:15,Timrå IK,HV71,SCA Arena,,,Scheduled,26,2024-2025
SHL_682705d9d745973fdd6d7008,2026-02-28,14:15,Färjestad BK,Växjö Lakers,Löfbergs Arena,,,Scheduled,26,2024-2025
SHL_68276131d745973fdd6d7b32,2026-02-28,17:00,Luleå Hockey,Skellefteå AIK,Coop Norrbotten Arena,,,Scheduled,26,2024-2025
SHL_682705d9d745973fdd6d7009,2026-02-28,17:00,Rögle BK,Örebro Hockey,Catena Arena,,,Scheduled,26,2024-2025
SHL_682705d9d745973fd97dcb2e,2026-03-05,18:00,Malmö Redhawks,Färjestad BK,Malmö Arena,,,Scheduled,27,2024-2025
SHL_682705d9d745973fd97dcb2d,2026-03-05,18:00,Örebro Hockey,Djurgårdens IF,Behrn Arena,,,Scheduled,27,2024-2025
SHL_68276131d745973fdd6d7b33,2026-03-05,18:00,Leksands IF,Luleå Hockey,Tegera Arena,,,Scheduled,27,2024-2025
SHL_682705d9d745973fdd6d700a,2026-03-05,18:00,Växjö Lakers,Skellefteå AIK,Vida Arena,,,Scheduled,27,2024-2025
SHL_682705d9d745973fdd6d700b,2026-03-05,18:00,Frölunda HC,Rögle BK,Scandinavium,,,Scheduled,27,2024-2025
SHL_68276131d745973fdd6d7b34,2026-03-05,18:00,HV71,Linköping HC,Husqvarna Garden,,,Scheduled,27,2024-2025
SHL_682705d9d745973fdd6d700c,2026-03-05,18:00,Timrå IK,Brynäs IF,SCA Arena,,,Scheduled,27,2024-2025
SHL_682705d9d745973fbe09bce3,2026-03-07,14:15,Rögle BK,Färjestad BK,Catena Arena,,,Scheduled,27,2024-2025
SHL_68276131d745973fdd6d7b35,2026-03-07,14:15,Linköping HC,Brynäs IF,Saab Arena,,,Scheduled,27,2024-2025
SHL_682705d9d745973fdd6d700d,2026-03-07,14:15,Malmö Redhawks,Skellefteå AIK,Malmö Arena,,,Scheduled,27,2024-2025
SHL_682705d9d745973fdd6d700e,2026-03-07,14:15,Leksands IF,HV71,Tegera Arena,,,Scheduled,27,2024-2025
SHL_682705d9d745973fdd6d700f,2026-03-07,17:00,Frölunda HC,Timrå IK,Scandinavium,,,Scheduled,27,2024-2025
SHL_682705d9d745973fbe09bce4,2026-03-07,17:00,Växjö Lakers,Örebro Hockey,Vida Arena,,,Scheduled,27,2024-2025
SHL_68276131d745973fdd6d7b36,2026-03-07,17:00,Djurgårdens IF,Luleå Hockey,Hovet,,,Scheduled,27,2024-2025
SHL_68276131d745973fdd6d7b37,2026-03-10,18:00,Linköping HC,Luleå Hockey,Saab Arena,,,Scheduled,28,2024-2025
SHL_682705d9d745973fdd6d7012,2026-03-10,18:00,Leksands IF,Frölunda HC,Tegera Arena,,,Scheduled,28,2024-2025
SHL_682705d9d745979957144e49,2026-03-10,18:00,Örebro Hockey,Timrå IK,Behrn Arena,,,Scheduled,28,2024-2025
SHL_682705d9d745979957144e4a,2026-03-10,18:00,Skellefteå AIK,Rögle BK,Skellefteå Kraft Arena,,,Scheduled,28,2024-2025
SHL_682705d9d745973fdd6d7013,2026-03-10,18:00,Färjestad BK,HV71,Löfbergs Arena,,,Scheduled,28,2024-2025
SHL_682705d9d745973fdd6d7010,2026-03-10,18:00,Djurgårdens IF,Växjö Lakers,Hovet,,,Scheduled,28,2024-2025
SHL_682705d9d745973fdd6d7011,2026-03-10,18:00,Brynäs IF,Malmö Redhawks,Monitor ERP Arena,,,Scheduled,28,2024-2025
SHL_682705d9d745973fdd6d7014,2026-03-12,18:00,Frölunda HC,Djurgårdens IF,Scandinavium,,,Scheduled,28,2024-2025
SHL_68276131d745973fdd6d7b38,2026-03-12,18:00,Skellefteå AIK,Linköping HC,Skellefteå Kraft Arena,,,Scheduled,28,2024-2025
SHL_682705d9d745979957144e4b,2026-03-12,18:00,Örebro Hockey,Brynäs IF,Behrn Arena,,,Scheduled,28,2024-2025
SHL_682705d9d745973fbe09bce5,2026-03-12,18:00,HV71,Växjö Lakers,Husqvarna Garden,,,Scheduled,28,2024-2025
SHL_682705d9d745973fdd6d7015,2026-03-12,18:00,Malmö Redhawks,Leksands IF,Malmö Arena,,,Scheduled,28,2024-2025
SHL_68276131d745979950408cdd,2026-03-12,18:00,Luleå Hockey,Rögle BK,Coop Norrbotten Arena,,,Scheduled,28,2024-2025
SHL_682705d9d745973fbe09bce6,2026-03-12,18:00,Färjestad BK,Timrå IK,Löfbergs Arena,,,Scheduled,28,2024-2025
SHL_68276131d745979950408cde,2026-03-14,14:15,Luleå Hockey,Färjestad BK,Coop Norrbotten Arena,,,Scheduled,28,2024-2025
SHL_682705d9d745973fbe09bce8,2026-03-14,14:15,Timrå IK,Växjö Lakers,SCA Arena,,,Scheduled,28,2024-2025
SHL_682705d9d745973fbe09bce7,2026-03-14,14:15,Rögle BK,Leksands IF,Catena Arena,,,Scheduled,28,2024-2025
SHL_68276131d745979950408cdf,2026-03-14,14:15,Linköping HC,Örebro Hockey,Saab Arena,,,Scheduled,28,2024-2025
SHL_682705d9d745973fd97dcb2f,2026-03-14,14:15,Djurgårdens IF,Skellefteå AIK,Hovet,,,Scheduled,28,2024-2025
SHL_682705d9d745973fbe09bce9,2026-03-14,14:15,Brynäs IF,HV71,Monitor ERP Arena,,,Scheduled,28,2024-2025
SHL_682705d9d745979957144e4c,2026-03-14,14:15,Frölunda HC,Malmö Redhawks,Scandinavium,,,Scheduled,28,2024-2025
